{"stat.useItem.minecraft.command_block":3,"stat.walkOneCm":474839,"stat.useItem.minecraft.lever":3,"stat.useItem.minecraft.stone":446,"stat.leaveGame":7,"stat.useItem.minecraft.comparator":3,"stat.mineBlock.minecraft.double_plant":1,"stat.killEntity.Creeper":5,"stat.useItem.minecraft.diamond_sword":50,"stat.jump":530,"stat.swimOneCm":4733,"stat.fallOneCm":3402,"stat.crouchOneCm":4156,"stat.useItem.minecraft.obsidian":3,"stat.sprintOneCm":124981,"achievement.exploreAllBiomes":{"value":0,"progress":["ForestHills","River","Forest","Plains","Extreme Hills"]},"stat.killEntity.Skeleton":2,"achievement.openInventory":39,"stat.damageTaken":20,"stat.killEntity.Spider":2,"stat.killEntity.Enderman":1,"stat.mobKills":23,"stat.mineBlock.minecraft.log":5,"stat.useItem.minecraft.golden_apple":4,"stat.flyOneCm":440087,"stat.drop":33,"stat.playOneMinute":35231,"stat.damageDealt":5375,"stat.killEntity.Zombie":8,"stat.timeSinceDeath":35231,"stat.mineBlock.minecraft.dirt":2,"stat.useItem.minecraft.spawn_egg":3,"stat.killEntity.Pig":4,"stat.mineBlock.minecraft.tallgrass":10,"stat.diveOneCm":17762}